dataset,model,observation,parameter,q05,q50,q95
wine,dune_bayes,0,loc,4.662181091308594,5.119203090667725,5.593215441703796
wine,dune_bayes,1,loc,5.081333899497986,5.5920250415802,6.074450421333313
wine,dune_bayes,2,loc,4.667450022697449,5.1280598640441895,5.552789092063904
wine,dune_bayes,3,loc,4.971899700164795,5.450065851211548,5.878125
wine,dune_bayes,4,loc,4.911344194412232,5.337124347686768,5.744543886184692
wine,dune_bayes,5,loc,4.523516035079956,5.012617111206055,5.4669825553894045
wine,dune_bayes,6,loc,5.117119002342224,5.587775945663452,5.996231055259704
wine,dune_bayes,7,loc,5.361109685897827,5.845479488372803,6.267387437820434
wine,dune_bayes,8,loc,4.600603628158569,5.101468563079834,5.54007248878479
wine,dune_bayes,9,loc,4.882464027404785,5.309232711791992,5.662014722824097
wine,dune_bayes,10,loc,4.947436189651489,5.319655418395996,5.653146052360534
wine,dune_bayes,11,loc,4.538954162597657,4.955989837646484,5.419127106666565
wine,dune_bayes,12,loc,4.406997156143189,5.270251035690308,6.0727758407592765
wine,dune_bayes,13,loc,5.405037307739258,6.182862043380737,6.917420959472656
wine,dune_bayes,14,loc,4.4481868028640745,4.960782527923584,5.492714762687683
wine,dune_bayes,15,loc,5.199141335487366,5.64619255065918,6.082002735137939
wine,dune_bayes,16,loc,4.979094648361206,5.363271951675415,5.68530547618866
wine,dune_bayes,17,loc,5.278036284446716,5.678472518920898,6.054319071769714
wine,dune_bayes,18,loc,4.587269949913025,5.00369668006897,5.450795865058899
wine,dune_bayes,19,loc,4.661258864402771,5.111569881439209,5.579475021362304
wine,dune_bayes,20,loc,5.495115661621094,6.125530242919922,6.765834784507749
wine,dune_bayes,21,loc,5.0697626829147335,5.492918252944946,5.943788838386536
wine,dune_bayes,22,loc,4.630277633666992,5.012206554412842,5.431099057197571
wine,dune_bayes,23,loc,4.525595331192017,5.053752422332764,5.616259121894836
wine,dune_bayes,24,loc,4.516112875938416,4.918798208236694,5.336798691749573
wine,dune_bayes,25,loc,5.1220374584198,5.544181823730469,5.942240834236145
wine,dune_bayes,26,loc,4.480844783782959,4.921931028366089,5.359513068199157
wine,dune_bayes,27,loc,4.919615435600281,5.314719915390015,5.637026333808899
wine,dune_bayes,28,loc,5.470969009399414,6.111610174179077,6.683278727531432
wine,dune_bayes,29,loc,5.276876997947693,5.808355093002319,6.2858902454376215
wine,dune_bayes,30,loc,5.195927429199219,5.577268838882446,5.95578396320343
wine,dune_bayes,31,loc,5.268646001815796,5.6415019035339355,6.01303882598877
wine,dune_bayes,32,loc,5.268646001815796,5.6415019035339355,6.01303882598877
wine,dune_bayes,33,loc,5.331491637229919,6.018287658691406,6.707487511634826
wine,dune_bayes,34,loc,4.560793066024781,4.992187738418579,5.381949853897095
wine,dune_bayes,35,loc,4.593558645248413,5.058947563171387,5.542262244224548
wine,dune_bayes,36,loc,5.116637754440307,5.524374723434448,5.912982249259949
wine,dune_bayes,37,loc,5.703389573097229,6.357942581176758,6.962435603141784
wine,dune_bayes,38,loc,4.726931023597717,5.323756694793701,5.892571377754211
wine,dune_bayes,39,loc,4.808597373962402,5.206839084625244,5.5569416046142575
wine,dune_bayes,40,loc,5.094711422920227,5.7917656898498535,6.44919114112854
wine,dune_bayes,41,loc,4.494669556617737,4.999592542648315,5.527055358886718
wine,dune_bayes,42,loc,4.700800275802612,5.241676330566406,5.799274468421936
wine,dune_bayes,43,loc,4.752218437194824,5.305803298950195,5.8625061273574826
wine,dune_bayes,44,loc,4.196692681312561,4.640926837921143,5.135888910293579
wine,dune_bayes,45,loc,4.552704644203186,5.024785757064819,5.5407239437103275
wine,dune_bayes,46,loc,4.721756148338318,5.161069393157959,5.629958653450013
wine,dune_bayes,47,loc,4.835104393959045,5.27759051322937,5.6792744398117065
wine,dune_bayes,48,loc,4.9574297904968265,5.637587308883667,6.3389383316040036
wine,dune_bayes,49,loc,5.578191781044007,6.17115592956543,6.704089546203613
wine,dune_bayes,50,loc,4.924011516571045,5.5668723583221436,6.172274446487426
wine,dune_bayes,51,loc,4.666057801246643,5.026265859603882,5.43941695690155
wine,dune_bayes,52,loc,5.356764912605286,5.818410634994507,6.201101994514465
wine,dune_bayes,53,loc,4.884545874595642,5.618165016174316,6.316917514801025
wine,dune_bayes,54,loc,5.782395720481873,6.349316596984863,6.958998417854309
wine,dune_bayes,55,loc,5.366614770889282,5.726223468780518,6.09175226688385
wine,dune_bayes,56,loc,5.340860891342163,5.765116453170776,6.172068262100219
wine,dune_bayes,57,loc,4.839143514633179,5.261581897735596,5.659888029098511
wine,dune_bayes,58,loc,5.460662984848023,6.005924224853516,6.4774124860763544
wine,dune_bayes,59,loc,4.862548065185547,5.237097263336182,5.629208827018738
wine,dune_bayes,60,loc,4.61545090675354,5.2333009243011475,5.84814305305481
wine,dune_bayes,61,loc,5.92159070968628,6.593200206756592,7.227494001388549
wine,dune_bayes,62,loc,5.300964212417602,5.877483606338501,6.365822529792785
wine,dune_bayes,63,loc,4.78825614452362,5.630362272262573,6.383456468582152
wine,dune_bayes,64,loc,5.699821138381958,6.3896849155426025,7.065670156478881
wine,dune_bayes,65,loc,4.8013170003890995,5.256250858306885,5.700607442855834
wine,dune_bayes,66,loc,4.460765981674195,5.31132960319519,6.132811713218689
wine,dune_bayes,67,loc,5.440429067611694,5.934973239898682,6.3980152130126955
wine,dune_bayes,68,loc,5.507204627990722,6.06125545501709,6.6008411884307865
wine,dune_bayes,69,loc,5.67783625125885,6.285999298095703,6.814720177650452
wine,dune_bayes,70,loc,4.917137289047242,5.325909852981567,5.795950126647949
wine,dune_bayes,71,loc,4.805901741981506,5.269906520843506,5.733076095581054
wine,dune_bayes,72,loc,5.017553329467773,5.416361093521118,5.817026233673095
wine,dune_bayes,73,loc,5.103466296195984,5.586076974868774,6.096529793739319
wine,dune_bayes,74,loc,4.763171982765198,5.315176963806152,5.87499053478241
wine,dune_bayes,75,loc,4.952094388008118,5.376081943511963,5.808461666107178
wine,dune_bayes,76,loc,5.148870205879211,5.7850518226623535,6.357643270492554
wine,dune_bayes,77,loc,5.1995511770248415,5.705580949783325,6.189359545707703
wine,dune_bayes,78,loc,5.902965927124024,6.430472373962402,6.935278153419494
wine,dune_bayes,79,loc,5.577027606964111,6.099365472793579,6.583136034011841
wine,dune_bayes,80,loc,4.498778605461121,5.046882152557373,5.633447742462158
wine,dune_bayes,81,loc,5.0844244956970215,5.6566174030303955,6.189888954162597
wine,dune_bayes,82,loc,4.96760060787201,5.388810634613037,5.809881472587585
wine,dune_bayes,83,loc,5.705995631217957,6.238781452178955,6.6932351112365716
wine,dune_bayes,84,loc,5.095325517654419,5.946277379989624,6.659121966361999
wine,dune_bayes,85,loc,5.095325517654419,5.946277379989624,6.659121966361999
wine,dune_bayes,86,loc,4.453468179702758,4.9897239208221436,5.581554913520813
wine,dune_bayes,87,loc,5.61375925540924,6.30050253868103,6.968435978889465
wine,dune_bayes,88,loc,4.19445948600769,4.738018751144409,5.344169616699219
wine,dune_bayes,89,loc,4.687857151031494,5.101960897445679,5.544790577888488
wine,dune_bayes,90,loc,5.149880433082581,5.596728086471558,6.070437693595887
wine,dune_bayes,91,loc,4.545777058601379,5.114028692245483,5.690619659423827
wine,dune_bayes,92,loc,4.8809747219085695,5.3119730949401855,5.690250396728516
wine,dune_bayes,93,loc,4.784117674827575,5.19477105140686,5.600220155715943
wine,dune_bayes,94,loc,4.471618008613587,5.088517665863037,5.711656856536865
wine,dune_bayes,95,loc,4.934992384910584,5.500971555709839,6.08281078338623
wine,dune_bayes,96,loc,4.849161577224732,5.246714353561401,5.63405454158783
wine,dune_bayes,97,loc,4.856151580810547,5.4496986865997314,6.061711478233337
wine,dune_bayes,98,loc,5.143137097358704,5.821550130844116,6.470279312133789
wine,dune_bayes,99,loc,4.738119959831238,5.117746829986572,5.518440842628479
wine,dune_bayes,100,loc,4.900539350509644,5.301137924194336,5.716029930114746
wine,dune_bayes,101,loc,4.485621452331543,4.948902368545532,5.41021032333374
wine,dune_bayes,102,loc,5.065020942687989,5.6160666942596436,6.116437983512879
wine,dune_bayes,103,loc,3.9905714631080627,4.588971138000488,5.187387228012085
wine,dune_bayes,104,loc,5.118926954269409,5.638640403747559,6.109057617187499
wine,dune_bayes,105,loc,5.198535490036011,5.8849029541015625,6.5278806447982785
wine,dune_bayes,106,loc,4.367850399017334,5.050786256790161,5.653834390640259
wine,dune_bayes,107,loc,4.827612447738647,5.34460186958313,5.884726524353027
wine,dune_bayes,108,loc,5.198492217063904,5.7689385414123535,6.313513231277465
wine,dune_bayes,109,loc,5.134999370574951,5.570453643798828,6.015235114097595
wine,dune_bayes,110,loc,4.96286289691925,5.3880298137664795,5.788535118103027
wine,dune_bayes,111,loc,5.050476765632629,5.624488353729248,6.202835965156555
wine,dune_bayes,112,loc,5.298979330062866,5.68433141708374,6.032910418510437
wine,dune_bayes,113,loc,4.399558734893799,4.966977834701538,5.487877368927001
wine,dune_bayes,114,loc,3.7773508191108705,4.434634685516357,5.089747500419617
wine,dune_bayes,115,loc,5.087802362442017,5.541834831237793,6.001372194290161
wine,dune_bayes,116,loc,4.579722905158997,4.996523857116699,5.404794764518737
wine,dune_bayes,117,loc,5.376836585998535,5.925062894821167,6.416638374328613
wine,dune_bayes,118,loc,4.344225573539734,4.867065906524658,5.451301956176757
wine,dune_bayes,119,loc,4.298889017105102,4.874252080917358,5.441612768173218
wine,dune_bayes,120,loc,4.498872017860412,4.932193994522095,5.416231322288513
wine,dune_bayes,121,loc,5.117238330841064,5.479122161865234,5.814828848838806
wine,dune_bayes,122,loc,5.060167407989502,5.505085468292236,5.898902869224548
wine,dune_bayes,123,loc,4.844138169288636,5.381483316421509,5.848472929000854
wine,dune_bayes,124,loc,4.311585140228272,4.781620979309082,5.287171316146851
wine,dune_bayes,125,loc,4.717476963996887,5.214651584625244,5.6778783798217765
wine,dune_bayes,126,loc,4.991523241996765,5.443771839141846,5.849300503730774
wine,dune_bayes,127,loc,5.006159973144531,5.454351186752319,5.850451350212097
wine,dune_bayes,128,loc,4.75592610836029,5.152331352233887,5.5385356664657595
wine,dune_bayes,129,loc,4.647225022315979,5.12034010887146,5.687904334068298
wine,dune_bayes,130,loc,4.549569034576416,5.007222652435303,5.511925816535949
wine,dune_bayes,131,loc,4.701374959945679,5.098845958709717,5.514439630508423
wine,dune_bayes,132,loc,4.886831259727478,5.323893785476685,5.7746786117553714
wine,dune_bayes,133,loc,4.67536141872406,5.099531173706055,5.531066465377807
wine,dune_bayes,134,loc,4.531324887275696,5.014450550079346,5.48340060710907
wine,dune_bayes,135,loc,4.405006241798401,4.927065372467041,5.488532996177673
wine,dune_bayes,136,loc,4.402416849136353,4.897258043289185,5.500792598724365
wine,dune_bayes,137,loc,4.688337397575379,5.166674852371216,5.6198498725891115
wine,dune_bayes,138,loc,4.896779036521911,5.2890260219573975,5.7534486055374146
wine,dune_bayes,139,loc,4.94408597946167,5.344681978225708,5.756694006919861
wine,dune_bayes,140,loc,4.984335970878601,5.402552366256714,5.735293984413147
wine,dune_bayes,141,loc,4.46393928527832,4.926990985870361,5.428344273567199
wine,dune_bayes,142,loc,5.255457949638367,5.730136156082153,6.134853315353393
wine,dune_bayes,143,loc,4.996076846122742,5.438398122787476,5.851288151741028
wine,dune_bayes,144,loc,6.148639798164368,6.771020889282227,7.377748012542725
wine,dune_bayes,145,loc,6.054685449600219,6.542024612426758,7.06123468875885
wine,dune_bayes,146,loc,5.98446798324585,6.799003601074219,7.612242269515991
wine,dune_bayes,147,loc,5.630244421958923,6.160600662231445,6.632764744758606
wine,dune_bayes,148,loc,5.130605411529541,5.6912007331848145,6.208370089530945
wine,dune_bayes,149,loc,5.333160066604615,6.006660461425781,6.754357886314392
wine,dune_bayes,150,loc,5.905117654800415,6.4102771282196045,6.929183077812195
wine,dune_bayes,151,loc,5.017980647087097,5.461785316467285,5.867323493957519
wine,dune_bayes,152,loc,5.832029318809509,6.301117897033691,6.7930509567260735
wine,dune_bayes,153,loc,4.714102482795715,5.199222564697266,5.649968171119689
wine,dune_bayes,154,loc,4.986032867431641,5.379128932952881,5.781915521621704
wine,dune_bayes,155,loc,5.487787342071533,5.987207889556885,6.475586009025574
wine,dune_bayes,156,loc,4.5355606317520145,4.981494188308716,5.406475162506103
wine,dune_bayes,157,loc,4.345199108123779,5.059755086898804,5.79513680934906
wine,dune_bayes,158,loc,4.551488327980041,5.001650810241699,5.4418466806411745
wine,dune_bayes,159,loc,5.753046822547913,6.217424631118774,6.6648976564407345
wine,dune_bayes,160,loc,5.726262998580933,6.246869087219238,6.767334342002869
wine,dune_bayes,161,loc,5.30406687259674,5.829767227172852,6.340319895744324
wine,dune_bayes,162,loc,4.840109920501709,5.261613845825195,5.704513907432555
wine,dune_bayes,163,loc,5.180723428726196,5.644327402114868,6.039175581932068
wine,dune_bayes,164,loc,5.194330883026123,5.626147270202637,6.044070291519165
wine,dune_bayes,165,loc,5.891578483581543,6.3739612102508545,6.813094186782837
wine,dune_bayes,166,loc,5.140484189987182,5.620154857635498,6.07394208908081
wine,dune_bayes,167,loc,5.857874536514283,6.466561317443848,7.029687476158141
wine,dune_bayes,168,loc,5.776755905151367,6.32069206237793,6.818502902984619
wine,dune_bayes,169,loc,5.274175596237183,5.682156085968018,6.049815845489502
wine,dune_bayes,170,loc,4.977524781227112,5.541466474533081,6.1047860622406
wine,dune_bayes,171,loc,4.902641010284424,5.35906195640564,5.763898944854736
wine,dune_bayes,172,loc,5.833792448043823,6.2970099449157715,6.7318124055862425
wine,dune_bayes,173,loc,5.226661729812622,5.85519003868103,6.42703275680542
wine,dune_bayes,174,loc,6.002704071998596,6.622864007949829,7.235645294189452
wine,dune_bayes,175,loc,5.871708559989929,6.445994138717651,6.9697065353393555
wine,dune_bayes,176,loc,6.0479882717132565,6.625410318374634,7.1440541505813595
wine,dune_bayes,177,loc,6.0479882717132565,6.625410318374634,7.1440541505813595
wine,dune_bayes,178,loc,6.025233054161072,6.588860511779785,7.103145122528076
wine,dune_bayes,179,loc,5.524508380889893,6.018339395523071,6.459893035888672
wine,dune_bayes,180,loc,5.830140852928162,6.243063449859619,6.655932521820068
wine,dune_bayes,181,loc,4.889212203025818,5.296107053756714,5.697491073608398
wine,dune_bayes,182,loc,4.894437575340271,5.361515045166016,5.79575366973877
wine,dune_bayes,183,loc,5.830140852928162,6.243063449859619,6.655932521820068
wine,dune_bayes,184,loc,5.799036717414856,6.304238796234131,6.79485867023468
wine,dune_bayes,185,loc,5.874240469932556,6.423774242401123,6.908865070343017
wine,dune_bayes,186,loc,4.6943279027938845,5.15140175819397,5.555816721916198
wine,dune_bayes,187,loc,4.254574036598205,4.727353572845459,5.269139289855957
wine,dune_bayes,188,loc,5.398428273200989,5.798250436782837,6.17178521156311
wine,dune_bayes,189,loc,4.681332302093506,5.151277780532837,5.568505811691284
wine,dune_bayes,190,loc,4.7212388753890995,5.174050569534302,5.584628653526305
wine,dune_bayes,191,loc,5.054417634010315,5.435812473297119,5.791741251945495
wine,dune_bayes,192,loc,5.94019627571106,6.412806510925293,6.901728892326355
wine,dune_bayes,193,loc,5.397610425949097,5.797384023666382,6.172559499740601
wine,dune_bayes,194,loc,5.826753330230713,6.430876016616821,6.990282416343689
wine,dune_bayes,195,loc,5.4810715675354,6.131859540939331,6.676051783561706
wine,dune_bayes,196,loc,5.166418170928955,5.646871328353882,6.046776413917541
wine,dune_bayes,197,loc,5.236699819564819,5.606035470962524,5.945174431800842
wine,dune_bayes,198,loc,5.72468135356903,6.104424238204956,6.473844337463379
wine,dune_bayes,199,loc,5.767922496795654,6.3475120067596436,6.935787415504455
wine,dune_bayes,200,loc,5.755945682525635,6.288092851638794,6.8156089067459105
wine,dune_bayes,201,loc,5.554905080795288,5.995594501495361,6.419363451004028
wine,dune_bayes,202,loc,5.5125489950180055,6.182375907897949,6.865320587158203
wine,dune_bayes,203,loc,5.607570171356201,6.162449836730957,6.66037311553955
wine,dune_bayes,204,loc,5.526406240463257,5.998656511306763,6.40080075263977
wine,dune_bayes,205,loc,5.169692921638489,5.525389909744263,5.88896472454071
wine,dune_bayes,206,loc,4.315643167495727,4.951031923294067,5.556058526039123
wine,dune_bayes,207,loc,5.828683471679687,6.3665452003479,6.861656999588012
wine,dune_bayes,208,loc,5.072490382194519,6.013812303543091,6.955538105964661
wine,dune_bayes,209,loc,5.051004886627197,6.00201678276062,6.936502766609191
wine,dune_bayes,210,loc,5.428742074966431,5.920868158340454,6.377197742462157
wine,dune_bayes,211,loc,6.091240453720093,6.592552185058594,7.077771472930907
wine,dune_bayes,212,loc,5.774308657646179,6.456208229064941,7.110824179649351
wine,dune_bayes,213,loc,5.285071682929993,5.7842442989349365,6.290928530693054
wine,dune_bayes,214,loc,5.549274754524231,6.122512102127075,6.671133232116699
wine,dune_bayes,215,loc,5.335866141319275,5.9785826206207275,6.618439531326294
wine,dune_bayes,216,loc,5.624469113349915,6.115350246429443,6.546933245658875
wine,dune_bayes,217,loc,5.916803884506225,6.538848876953125,7.138712739944458
wine,dune_bayes,218,loc,5.509753704071045,6.140163898468018,6.791506576538086
wine,dune_bayes,219,loc,5.232310485839844,5.832772254943848,6.393691873550415
wine,dune_bayes,220,loc,5.731240224838257,6.217394113540649,6.710504531860352
wine,dune_bayes,221,loc,4.880497121810913,5.3205039501190186,5.704694223403931
wine,dune_bayes,222,loc,5.602118110656738,6.084139108657837,6.507707262039184
wine,dune_bayes,223,loc,5.515396523475647,6.072691440582275,6.6597014427185055
wine,dune_bayes,224,loc,5.6402188539505005,6.017491579055786,6.38829734325409
wine,dune_bayes,225,loc,5.177281522750855,5.8006415367126465,6.376830339431762
wine,dune_bayes,226,loc,5.7201375484466555,6.343482494354248,6.917565846443176
wine,dune_bayes,227,loc,5.724154329299926,6.396441221237183,7.086075377464295
wine,dune_bayes,228,loc,4.7067005157470705,5.491118431091309,6.224079036712646
wine,dune_bayes,229,loc,5.897351980209351,6.421938896179199,6.904031944274902
wine,dune_bayes,230,loc,4.89716670513153,5.348099946975708,5.724433708190918
wine,dune_bayes,231,loc,5.473248219490051,6.009464502334595,6.466270351409912
wine,dune_bayes,232,loc,5.338194489479065,5.870339870452881,6.373792099952698
wine,dune_bayes,233,loc,4.926612162590027,5.380304336547852,5.845528769493103
wine,dune_bayes,234,loc,4.519165110588074,4.919913291931152,5.339284729957581
wine,dune_bayes,235,loc,4.794397830963135,5.264328479766846,5.6666827917099
wine,dune_bayes,236,loc,4.728715991973877,5.079517841339111,5.487910723686218
wine,dune_bayes,237,loc,5.6629150867462155,6.146050453186035,6.566317868232726
wine,dune_bayes,238,loc,5.6629150867462155,6.146050453186035,6.566317868232726
wine,dune_bayes,239,loc,4.965465092658997,5.3560707569122314,5.720916509628296
wine,dune_bayes,240,loc,5.143840265274048,5.571691036224365,6.034728384017944
wine,dune_bayes,241,loc,5.617436790466309,6.036574602127075,6.4769412755966185
wine,dune_bayes,242,loc,5.691329169273376,6.196306943893433,6.689675664901733
wine,dune_bayes,243,loc,5.691329169273376,6.196306943893433,6.689675664901733
wine,dune_bayes,244,loc,5.4823569536209105,6.0956714153289795,6.649709105491638
wine,dune_bayes,245,loc,5.0548180103302,5.440394878387451,5.851703953742981
wine,dune_bayes,246,loc,5.189950466156006,5.644431829452515,6.087293553352356
wine,dune_bayes,247,loc,5.293760228157043,5.993006229400635,6.672834515571594
wine,dune_bayes,248,loc,4.983740234375,5.428797483444214,5.863376927375794
wine,dune_bayes,249,loc,4.556885457038879,5.033139705657959,5.495694851875305
wine,dune_bayes,250,loc,5.409546113014221,5.9810471534729,6.552000188827514
wine,dune_bayes,251,loc,4.4916597366333,4.970558404922485,5.49498565196991
wine,dune_bayes,252,loc,4.592425131797791,5.508423328399658,6.3420945405960065
wine,dune_bayes,253,loc,5.202749228477478,5.6090569496154785,5.983292889595032
wine,dune_bayes,254,loc,5.6105200290679935,6.058462619781494,6.455610775947569
wine,dune_bayes,255,loc,4.464199709892273,4.973788022994995,5.516741847991943
wine,dune_bayes,256,loc,5.269069218635559,5.719597101211548,6.212502670288086
wine,dune_bayes,257,loc,5.8491151332855225,6.323918104171753,6.785836410522461
wine,dune_bayes,258,loc,5.1760235071182255,5.5633509159088135,5.9416292905807495
wine,dune_bayes,259,loc,5.9743637323379515,6.442412853240967,6.951060461997986
wine,dune_bayes,260,loc,4.653093242645264,5.115269422531128,5.608458209037781
wine,dune_bayes,261,loc,4.530367970466614,4.906373500823975,5.3221828699111935
wine,dune_bayes,262,loc,4.7217450618743895,5.208819389343262,5.649794793128967
wine,dune_bayes,263,loc,5.422004127502442,5.822655200958252,6.232212495803832
wine,dune_bayes,264,loc,5.280310726165771,5.74765419960022,6.196089529991149
wine,dune_bayes,265,loc,5.557602882385254,6.211271524429321,6.858667659759521
wine,dune_bayes,266,loc,4.528509354591369,5.096530914306641,5.69992139339447
wine,dune_bayes,267,loc,4.0245517015457155,4.714087009429932,5.478865838050842
wine,dune_bayes,268,loc,4.800656318664551,5.195947885513306,5.607922530174255
wine,dune_bayes,269,loc,4.689826965332031,5.053323745727539,5.465024352073669
wine,dune_bayes,270,loc,5.798388600349426,6.362898111343384,6.918496799468994
wine,dune_bayes,271,loc,4.347431612014771,4.841373920440674,5.407907271385193
wine,dune_bayes,272,loc,4.709128570556641,5.054028034210205,5.431468558311463
wine,dune_bayes,273,loc,4.9914754152297975,5.76531195640564,6.57805655002594
wine,dune_bayes,274,loc,5.670552802085877,6.170512676239014,6.6518662691116335
wine,dune_bayes,275,loc,5.819287419319153,6.252975940704346,6.681316065788269
wine,dune_bayes,276,loc,5.267574214935303,5.677855491638184,6.086728978157043
wine,dune_bayes,277,loc,5.00763955116272,5.465496063232422,5.89238805770874
wine,dune_bayes,278,loc,4.444380044937134,4.988911390304565,5.506808638572693
wine,dune_bayes,279,loc,5.208226609230041,5.606632471084595,6.012178444862365
wine,dune_bayes,280,loc,5.218119359016418,5.812633514404297,6.379381728172302
wine,dune_bayes,281,loc,4.916001892089843,5.433229684829712,5.895751333236694
wine,dune_bayes,282,loc,5.290608239173889,5.788583517074585,6.294539952278137
wine,dune_bayes,283,loc,5.627283573150635,6.2247092723846436,6.824109411239624
wine,dune_bayes,284,loc,4.232274675369263,4.744879484176636,5.248081874847411
wine,dune_bayes,285,loc,4.5105623483657835,4.9952027797698975,5.524105525016784
wine,dune_bayes,286,loc,4.17582745552063,4.686321973800659,5.226397919654846
wine,dune_bayes,287,loc,4.6822041273117065,5.226746082305908,5.799979662895202
wine,dune_bayes,288,loc,4.983910942077637,5.426496505737305,5.829230380058289
wine,dune_bayes,289,loc,5.707750844955444,6.238524913787842,6.794371151924134
wine,dune_bayes,290,loc,5.936007952690124,6.5149102210998535,7.069280958175659
wine,dune_bayes,291,loc,4.999386644363403,5.334505319595337,5.686959433555603
wine,dune_bayes,292,loc,4.843116235733032,5.336360692977905,5.877916550636291
wine,dune_bayes,293,loc,5.16783561706543,5.619363069534302,6.110411047935486
wine,dune_bayes,294,loc,4.940017032623291,5.367349147796631,5.81766128540039
wine,dune_bayes,295,loc,4.973756718635559,5.430059909820557,5.914309859275818
wine,dune_bayes,296,loc,5.206017279624939,5.670002460479736,6.095371747016906
wine,dune_bayes,297,loc,4.648867654800415,5.145349025726318,5.7352177619934075
wine,dune_bayes,298,loc,4.817116665840149,5.318087577819824,5.865877652168273
wine,dune_bayes,299,loc,5.140504360198975,5.579327821731567,6.1092846393585205
wine,dune_bayes,300,loc,4.828730964660645,5.384678363800049,5.96051332950592
wine,dune_bayes,301,loc,5.289791250228882,5.813614845275879,6.231775546073913
wine,dune_bayes,302,loc,4.762316513061523,5.225967168807983,5.652388501167297
wine,dune_bayes,303,loc,4.980071473121643,5.389894485473633,5.800365328788757
wine,dune_bayes,304,loc,5.224339342117309,5.861874341964722,6.518523573875426
wine,dune_bayes,305,loc,5.397260665893555,5.860000371932983,6.350503706932067
wine,dune_bayes,306,loc,5.648932886123657,6.07529878616333,6.529755282402038
wine,dune_bayes,307,loc,5.4249496221542355,5.88808012008667,6.34776062965393
wine,dune_bayes,308,loc,5.305482959747314,5.737245082855225,6.121926593780517
wine,dune_bayes,309,loc,5.331498384475708,5.89059591293335,6.448173594474793
wine,dune_bayes,310,loc,5.348494052886963,5.795914888381958,6.2049515485763544
wine,dune_bayes,311,loc,5.022451949119568,5.389831304550171,5.7720102071762085
wine,dune_bayes,312,loc,4.592144632339478,5.062449932098389,5.486183452606201
wine,dune_bayes,313,loc,4.931395721435547,5.401228427886963,6.001728272438049
wine,dune_bayes,314,loc,4.92710132598877,5.304636478424072,5.731115603446961
wine,dune_bayes,315,loc,5.237186455726624,5.6777613162994385,6.141789484024048
wine,dune_bayes,316,loc,5.29991135597229,5.854477167129517,6.373679900169372
wine,dune_bayes,317,loc,5.566602993011474,6.124140501022339,6.696083211898803
wine,dune_bayes,318,loc,4.9419944286346436,5.536340951919556,6.210601258277892
wine,dune_bayes,319,loc,5.47144467830658,5.913234233856201,6.347939419746399
wine,dune_bayes,0,scale,0.5411676645278931,0.7936437427997589,1.1473039150238036
wine,dune_bayes,1,scale,0.41901311129331587,0.6581107974052429,0.9832583725452423
wine,dune_bayes,2,scale,0.4132913172245026,0.6400033235549927,0.9526295036077498
wine,dune_bayes,3,scale,0.387856537103653,0.5872173011302948,0.9088869780302046
wine,dune_bayes,4,scale,0.3645824626088143,0.5344991981983185,0.7847906410694119
wine,dune_bayes,5,scale,0.4275784656405449,0.6630429327487946,0.9515828788280487
wine,dune_bayes,6,scale,0.5670614033937454,0.8191444575786591,1.0838094711303705
wine,dune_bayes,7,scale,0.5476030677556991,0.8363231122493744,1.21961333155632
wine,dune_bayes,8,scale,0.29863552153110506,0.45640163123607635,0.7205791383981697
wine,dune_bayes,9,scale,0.41210129112005234,0.581772655248642,0.8398250550031661
wine,dune_bayes,10,scale,0.4668245822191238,0.6559948921203613,0.8964782834053039
wine,dune_bayes,11,scale,0.45907804965972904,0.6745052337646484,0.9532874882221222
wine,dune_bayes,12,scale,0.5625315338373185,1.0585851073265076,1.7426144778728483
wine,dune_bayes,13,scale,0.4382070928812027,0.8708749413490295,1.4312416613101948
wine,dune_bayes,14,scale,0.30399071574211123,0.5170188844203949,0.8723428040742873
wine,dune_bayes,15,scale,0.49490149170160297,0.7202440500259399,1.0262876331806179
wine,dune_bayes,16,scale,0.518187865614891,0.723273754119873,0.9630550235509873
wine,dune_bayes,17,scale,0.5569550037384033,0.7679773569107056,1.0290097475051878
wine,dune_bayes,18,scale,0.34574181139469146,0.5346028208732605,0.8123249322175978
wine,dune_bayes,19,scale,0.4455312117934227,0.6994294822216034,1.0355599164962768
wine,dune_bayes,20,scale,0.45720477253198627,0.775376945734024,1.2133151292800897
wine,dune_bayes,21,scale,0.4012587293982506,0.5884132385253906,0.8537282764911651
wine,dune_bayes,22,scale,0.3753291413187981,0.5723773837089539,0.8327058941125869
wine,dune_bayes,23,scale,0.4453773722052574,0.7159747183322906,1.132169359922409
wine,dune_bayes,24,scale,0.4729814514517784,0.6938092410564423,1.0172965586185454
wine,dune_bayes,25,scale,0.45244705229997634,0.6448359191417694,0.9023154109716411
wine,dune_bayes,26,scale,0.4018140837550163,0.6309552788734436,0.926293870806694
wine,dune_bayes,27,scale,0.5289010614156723,0.743564248085022,1.0039665877819057
wine,dune_bayes,28,scale,0.6262746512889862,0.9874030351638794,1.4198315918445585
wine,dune_bayes,29,scale,0.5679282873868943,0.8805489242076874,1.2290645658969868
wine,dune_bayes,30,scale,0.5591970801353454,0.7904134690761566,1.0637598156929016
wine,dune_bayes,31,scale,0.5000306069850922,0.6932633519172668,0.9570325344800948
wine,dune_bayes,32,scale,0.5000306069850922,0.6932633519172668,0.9570325344800948
wine,dune_bayes,33,scale,0.39696977436542513,0.7152557969093323,1.1149205625057217
wine,dune_bayes,34,scale,0.4207665055990219,0.6240441203117371,0.8791009694337845
wine,dune_bayes,35,scale,0.42393580824136734,0.6543568670749664,0.9454169631004332
wine,dune_bayes,36,scale,0.43042969703674316,0.6277780532836914,0.8445171058177945
wine,dune_bayes,37,scale,0.5931120306253433,0.9487231373786926,1.350402671098709
wine,dune_bayes,38,scale,0.4780594512820244,0.8178491294384003,1.2508440017700193
wine,dune_bayes,39,scale,0.39694601446390154,0.5856564044952393,0.8250254929065703
wine,dune_bayes,40,scale,0.4583534851670265,0.7995424568653107,1.2068334043025963
wine,dune_bayes,41,scale,0.5512614667415618,0.8471985161304474,1.2557693779468533
wine,dune_bayes,42,scale,0.45231803208589555,0.7609221339225769,1.0939208149909971
wine,dune_bayes,43,scale,0.4785655125975609,0.8062271177768707,1.1701447069644926
wine,dune_bayes,44,scale,0.44903597235679626,0.7152352929115295,1.0879479110240935
wine,dune_bayes,45,scale,0.34606263786554337,0.5566967129707336,0.85922223329544
wine,dune_bayes,46,scale,0.48686862885952,0.72688427567482,1.0500721037387846
wine,dune_bayes,47,scale,0.43771176040172577,0.6567643880844116,0.9129606038331985
wine,dune_bayes,48,scale,0.3827181041240692,0.7537385523319244,1.2415097832679747
wine,dune_bayes,49,scale,0.6904606759548187,1.0204147100448608,1.423316878080368
wine,dune_bayes,50,scale,0.4897230342030525,0.8155986070632935,1.2029775977134705
wine,dune_bayes,51,scale,0.48896886706352233,0.7148724794387817,0.973765480518341
wine,dune_bayes,52,scale,0.616001409292221,0.8513902723789215,1.1366985142230988
wine,dune_bayes,53,scale,0.5768996000289917,1.0214653015136719,1.5623486697673796
wine,dune_bayes,54,scale,0.7571244955062866,1.0911483764648438,1.5473528146743774
wine,dune_bayes,55,scale,0.6020457804203033,0.8145025968551636,1.0775562584400176
wine,dune_bayes,56,scale,0.44715348035097124,0.665912926197052,0.9434957772493362
wine,dune_bayes,57,scale,0.4587941184639931,0.6768085956573486,0.9607536762952803
wine,dune_bayes,58,scale,0.7448400825262069,1.1065062880516052,1.4662213623523712
wine,dune_bayes,59,scale,0.43598427027463915,0.6559673249721527,0.9020156651735305
wine,dune_bayes,60,scale,0.6466500073671341,1.0766092538833618,1.5382414400577542
wine,dune_bayes,61,scale,0.641040489077568,1.0446844100952148,1.569593733549118
wine,dune_bayes,62,scale,0.5972734063863755,0.8747577965259552,1.2510840892791744
wine,dune_bayes,63,scale,0.5882282793521881,1.1272891163825989,1.7546627521514893
wine,dune_bayes,64,scale,0.5285277724266052,0.9061556756496429,1.3812964797019958
wine,dune_bayes,65,scale,0.48071871548891065,0.7484998404979706,1.0511630117893216
wine,dune_bayes,66,scale,0.5055964082479477,0.9428550601005554,1.5438728511333462
wine,dune_bayes,67,scale,0.43776260912418363,0.6815855801105499,0.9861196398735046
wine,dune_bayes,68,scale,0.6121597349643707,0.946802169084549,1.316516852378845
wine,dune_bayes,69,scale,0.5937895119190216,0.9279109239578247,1.3423637568950646
wine,dune_bayes,70,scale,0.5200482785701752,0.7858420312404633,1.0713048994541166
wine,dune_bayes,71,scale,0.4771830350160599,0.7547857761383057,1.0700536787509916
wine,dune_bayes,72,scale,0.6970520228147506,0.9397864937782288,1.2615324378013608
wine,dune_bayes,73,scale,0.6728081077337266,1.0031129717826843,1.4009713411331175
wine,dune_bayes,74,scale,0.5930603712797164,0.9296484291553497,1.3097805440425871
wine,dune_bayes,75,scale,0.5495433628559112,0.784039169549942,1.1131224691867823
wine,dune_bayes,76,scale,0.4888745754957199,0.791292667388916,1.1714683592319486
wine,dune_bayes,77,scale,0.538963782787323,0.83562371134758,1.165286237001419
wine,dune_bayes,78,scale,0.5873692363500596,0.8914818465709686,1.2383052587509156
wine,dune_bayes,79,scale,0.6076140463352203,0.8808175325393677,1.217579787969589
wine,dune_bayes,80,scale,0.3324694842100144,0.5724914073944092,0.9435211420059202
wine,dune_bayes,81,scale,0.5091919213533401,0.790599137544632,1.1381200551986688
wine,dune_bayes,82,scale,0.5127284318208695,0.7589731216430664,1.0267054557800288
wine,dune_bayes,83,scale,0.60834541618824,0.8955375850200653,1.2288801074028015
wine,dune_bayes,84,scale,0.5910096198320389,1.077353298664093,1.6300901889801023
wine,dune_bayes,85,scale,0.5910096198320389,1.077353298664093,1.6300901889801023
wine,dune_bayes,86,scale,0.39442864507436753,0.6452498137950897,1.0507481873035431
wine,dune_bayes,87,scale,0.6570632874965667,1.0929182767868042,1.6014496088027954
wine,dune_bayes,88,scale,0.5397877007722854,0.8858817517757416,1.3091725230216977
wine,dune_bayes,89,scale,0.4280818596482277,0.6454110741615295,0.9679407715797425
wine,dune_bayes,90,scale,0.42226982563734056,0.642019122838974,0.9431466430425643
wine,dune_bayes,91,scale,0.4019628971815109,0.6861891448497772,1.0503424644470214
wine,dune_bayes,92,scale,0.49874264597892765,0.7206747531890869,0.9773216933012009
wine,dune_bayes,93,scale,0.491316331923008,0.7056247889995575,1.0045303702354431
wine,dune_bayes,94,scale,0.4018503576517105,0.7656153738498688,1.239869636297226
wine,dune_bayes,95,scale,0.3831106051802635,0.6780667901039124,1.0162598431110381
wine,dune_bayes,96,scale,0.42856809198856355,0.6341526508331299,0.8813433974981307
wine,dune_bayes,97,scale,0.4826230421662331,0.8063366711139679,1.1921931803226469
wine,dune_bayes,98,scale,0.5721829175949097,1.0147249102592468,1.5505125880241393
wine,dune_bayes,99,scale,0.42714181542396545,0.631960541009903,0.9066814690828319
wine,dune_bayes,100,scale,0.43867496103048326,0.6733706891536713,0.9159436583518981
wine,dune_bayes,101,scale,0.44198404550552367,0.7016485035419464,1.0014702320098876
wine,dune_bayes,102,scale,0.4712558537721634,0.754119336605072,1.089994531869888
wine,dune_bayes,103,scale,0.40986480116844176,0.7129136919975281,1.1293790578842158
wine,dune_bayes,104,scale,0.608822476863861,0.9265277087688446,1.2878545641899108
wine,dune_bayes,105,scale,0.37071279138326646,0.6941095292568207,1.1629560172557827
wine,dune_bayes,106,scale,0.533878818154335,0.9481810331344604,1.4526471793651579
wine,dune_bayes,107,scale,0.37751546353101734,0.64049232006073,0.9642328828573227
wine,dune_bayes,108,scale,0.5380688786506653,0.8561034798622131,1.2576536417007445
wine,dune_bayes,109,scale,0.4455600380897522,0.6709086894989014,0.9329991102218624
wine,dune_bayes,110,scale,0.45180059373378756,0.6568393409252167,0.9029115200042724
wine,dune_bayes,111,scale,0.37986545264720917,0.6620704233646393,0.9933797597885131
wine,dune_bayes,112,scale,0.5173031538724899,0.7338209450244904,0.9866728693246841
wine,dune_bayes,113,scale,0.43416114449501036,0.7196643948554993,1.1288457393646238
wine,dune_bayes,114,scale,0.40058585107326505,0.7275940179824829,1.2062722861766815
wine,dune_bayes,115,scale,0.640977230668068,0.9297934472560883,1.2515583932399748
wine,dune_bayes,116,scale,0.4303773149847984,0.6570917665958405,0.9241859465837479
wine,dune_bayes,117,scale,0.5326428115367889,0.8279821872711182,1.1996365189552305
wine,dune_bayes,118,scale,0.5568136423826218,0.9086509943008423,1.382738149166107
wine,dune_bayes,119,scale,0.5815697878599168,0.9460060596466064,1.4223303735256192
wine,dune_bayes,120,scale,0.4355159267783165,0.6787771880626678,0.9926770657300944
wine,dune_bayes,121,scale,0.42407173961400985,0.5936791002750397,0.8082860678434372
wine,dune_bayes,122,scale,0.5649245500564575,0.8162292838096619,1.0840579748153687
wine,dune_bayes,123,scale,0.41079796850681305,0.6425389647483826,0.9258499056100844
wine,dune_bayes,124,scale,0.5328399688005447,0.8127661645412445,1.1724107265472412
wine,dune_bayes,125,scale,0.39863149374723433,0.6298712491989136,0.9110524356365203
wine,dune_bayes,126,scale,0.4845536440610886,0.7139265239238739,0.9873749166727065
wine,dune_bayes,127,scale,0.48369100540876386,0.706295907497406,0.9811369866132734
wine,dune_bayes,128,scale,0.48631070703268053,0.6885000765323639,0.9754940450191497
wine,dune_bayes,129,scale,0.5321433871984482,0.8272280991077423,1.1879538953304287
wine,dune_bayes,130,scale,0.47600923776626586,0.7280910015106201,1.046178686618805
wine,dune_bayes,131,scale,0.40644143968820573,0.6264775097370148,0.8962939113378523
wine,dune_bayes,132,scale,0.4552702933549881,0.6940557062625885,0.9840876400470734
wine,dune_bayes,133,scale,0.46778485327959063,0.7044617831707001,0.992372879385948
wine,dune_bayes,134,scale,0.3751251056790352,0.5922638177871704,0.91787571310997
wine,dune_bayes,135,scale,0.5452229112386704,0.8678891062736511,1.2700611054897306
wine,dune_bayes,136,scale,0.6190202176570893,0.9350740611553192,1.3737068951129914
wine,dune_bayes,137,scale,0.4076455608010292,0.6241884231567383,0.9395313501358029
wine,dune_bayes,138,scale,0.39454702734947206,0.5976560115814209,0.857490837574005
wine,dune_bayes,139,scale,0.4690385267138481,0.6925780773162842,0.9925047725439071
wine,dune_bayes,140,scale,0.45521473288536074,0.6463999152183533,0.9149643093347549
wine,dune_bayes,141,scale,0.3713389426469803,0.60720294713974,0.9314964473247527
wine,dune_bayes,142,scale,0.49904458224773407,0.7315481603145599,1.0046329975128172
wine,dune_bayes,143,scale,0.4212761476635933,0.6430087685585022,0.9178294301033018
wine,dune_bayes,144,scale,0.5834572583436967,0.9084119200706482,1.318132597208023
wine,dune_bayes,145,scale,0.6395154416561126,0.9682603478431702,1.3175132632255555
wine,dune_bayes,146,scale,0.4722289934754372,0.8851182758808136,1.4351953029632567
wine,dune_bayes,147,scale,0.4720311537384987,0.7239050269126892,1.0080822467803954
wine,dune_bayes,148,scale,0.6610919326543808,0.971447080373764,1.3676049947738644
wine,dune_bayes,149,scale,0.28328004777431487,0.5512248575687408,0.9173739761114119
wine,dune_bayes,150,scale,0.7390902370214463,1.055213987827301,1.4293186008930205
wine,dune_bayes,151,scale,0.5733422815799714,0.817973256111145,1.1252205729484557
wine,dune_bayes,152,scale,0.5251893758773803,0.8019628524780273,1.1179539203643796
wine,dune_bayes,153,scale,0.5062371283769608,0.7729272544384003,1.086707782745361
wine,dune_bayes,154,scale,0.4783020704984665,0.7067957818508148,0.960494485497474
wine,dune_bayes,155,scale,0.5644458025693894,0.8466921150684357,1.1892413556575774
wine,dune_bayes,156,scale,0.39319508224725724,0.6101357042789459,0.8925675034523005
wine,dune_bayes,157,scale,0.6166814297437668,1.0958212018013,1.7036030113697047
wine,dune_bayes,158,scale,0.40468000471591953,0.62868332862854,0.9045481294393533
wine,dune_bayes,159,scale,0.6368154436349869,0.9002251029014587,1.2326335966587065
wine,dune_bayes,160,scale,0.6313396662473679,0.9474039971828461,1.3103656232357022
wine,dune_bayes,161,scale,0.6194983422756195,0.8996829986572266,1.26936856508255
wine,dune_bayes,162,scale,0.49200069457292556,0.7231191694736481,1.0359934091567993
wine,dune_bayes,163,scale,0.4284301847219467,0.6198141574859619,0.8978728979825973
wine,dune_bayes,164,scale,0.5203081458806992,0.7407128512859344,1.0139086723327635
wine,dune_bayes,165,scale,0.5860120981931687,0.8506661951541901,1.15101518034935
wine,dune_bayes,166,scale,0.5889874815940856,0.8802681863307953,1.1776977598667144
wine,dune_bayes,167,scale,0.7321426808834076,1.0942597389221191,1.563991779088973
wine,dune_bayes,168,scale,0.6971807599067688,1.0094274878501892,1.410112303495407
wine,dune_bayes,169,scale,0.545867058634758,0.7682066559791565,1.0125912725925446
wine,dune_bayes,170,scale,0.4962393745779991,0.8041662573814392,1.1587977409362793
wine,dune_bayes,171,scale,0.465385577082634,0.6896930038928986,0.9430627226829525
wine,dune_bayes,172,scale,0.5669958710670471,0.83622807264328,1.1372940242290495
wine,dune_bayes,173,scale,0.4864321708679199,0.7801656126976013,1.1319955229759213
wine,dune_bayes,174,scale,0.602033331990242,0.9572184383869171,1.3929043650627133
wine,dune_bayes,175,scale,0.5893223613500596,0.9032908380031586,1.3159972965717315
wine,dune_bayes,176,scale,0.5609702616930008,0.8529600501060486,1.2032128870487213
wine,dune_bayes,177,scale,0.5609702616930008,0.8529600501060486,1.2032128870487213
wine,dune_bayes,178,scale,0.6094702571630478,0.9337572753429413,1.3285512685775756
wine,dune_bayes,179,scale,0.6560996890068054,0.9356262385845184,1.2504845917224883
wine,dune_bayes,180,scale,0.6108212381601333,0.8445263803005219,1.136678159236908
wine,dune_bayes,181,scale,0.4243237629532814,0.6198928356170654,0.8773711353540418
wine,dune_bayes,182,scale,0.47907659262418745,0.6941375732421875,0.9861578315496443
wine,dune_bayes,183,scale,0.6108212381601333,0.8445263803005219,1.136678159236908
wine,dune_bayes,184,scale,0.6033777236938477,0.8966254591941833,1.2209759056568141
wine,dune_bayes,185,scale,0.6140064477920533,0.9134534597396851,1.2608391761779776
wine,dune_bayes,186,scale,0.37003355771303176,0.57200887799263,0.8828066736459731
wine,dune_bayes,187,scale,0.3547029376029968,0.5836134850978851,0.9231701314449307
wine,dune_bayes,188,scale,0.590937665104866,0.8191500008106232,1.068262869119644
wine,dune_bayes,189,scale,0.339451676607132,0.5320985019207001,0.838148495554924
wine,dune_bayes,190,scale,0.3448040083050728,0.5315429866313934,0.8442640721797942
wine,dune_bayes,191,scale,0.5193316102027893,0.7142012715339661,0.9578650772571564
wine,dune_bayes,192,scale,0.715993094444275,1.0022574663162231,1.3392817974090574
wine,dune_bayes,193,scale,0.676091605424881,0.9171149432659149,1.205325728654861
wine,dune_bayes,194,scale,0.5235602647066117,0.824639618396759,1.2153526484966277
wine,dune_bayes,195,scale,0.6403361111879349,1.0380473732948303,1.4911864578723906
wine,dune_bayes,196,scale,0.4426125943660736,0.664222240447998,0.9208940625190735
wine,dune_bayes,197,scale,0.5386957317590714,0.736312061548233,0.968949508666992
wine,dune_bayes,198,scale,0.7021166801452636,0.9357883036136627,1.1864764153957366
wine,dune_bayes,199,scale,0.6340442359447479,1.0260916352272034,1.5054295063018799
wine,dune_bayes,200,scale,0.5208560049533845,0.8038216233253479,1.1648998379707334
wine,dune_bayes,201,scale,0.643353471159935,0.9160473942756653,1.1973643302917474
wine,dune_bayes,202,scale,0.5419812828302384,0.9163557291030884,1.3460101246833798
wine,dune_bayes,203,scale,0.7165255665779113,1.0509052276611328,1.450691151618957
wine,dune_bayes,204,scale,0.6094949275255204,0.8684490919113159,1.1567099928855895
wine,dune_bayes,205,scale,0.6568081259727478,0.8806161284446716,1.1661063015460966
wine,dune_bayes,206,scale,0.4025056675076485,0.7742254436016083,1.2703515768051148
wine,dune_bayes,207,scale,0.598976981639862,0.9120937585830688,1.2789381742477413
wine,dune_bayes,208,scale,0.3154179573059082,0.719777524471283,1.4910034894943236
wine,dune_bayes,209,scale,0.3160784110426903,0.7193973660469055,1.4979892551898955
wine,dune_bayes,210,scale,0.5689384132623673,0.8162196278572083,1.1112987577915188
wine,dune_bayes,211,scale,0.676769134402275,0.9659577906131744,1.280480420589447
wine,dune_bayes,212,scale,0.6984817236661911,1.0977091789245605,1.6199802219867703
wine,dune_bayes,213,scale,0.47909243404865265,0.7216269373893738,1.0013887107372277
wine,dune_bayes,214,scale,0.5665446102619172,0.8630799949169159,1.248516774177551
wine,dune_bayes,215,scale,0.5384588122367859,0.8840791881084442,1.3517618596553802
wine,dune_bayes,216,scale,0.5063744574785233,0.7482050657272339,1.0473101556301116
wine,dune_bayes,217,scale,0.5060706660151482,0.8009474873542786,1.2121837139129632
wine,dune_bayes,218,scale,0.44325073659420017,0.7279330492019653,1.1157214403152464
wine,dune_bayes,219,scale,0.5627385020256043,0.8550327718257904,1.2379154026508332
wine,dune_bayes,220,scale,0.5112898945808411,0.7840203940868378,1.0879340648651123
wine,dune_bayes,221,scale,0.4025619521737099,0.6021580100059509,0.9007145732641219
wine,dune_bayes,222,scale,0.6324618071317673,0.8924344480037689,1.1907111644744872
wine,dune_bayes,223,scale,0.5672267407178879,0.8486170172691345,1.2631266355514525
wine,dune_bayes,224,scale,0.6233547896146774,0.8459545969963074,1.1087636411190032
wine,dune_bayes,225,scale,0.5249703854322434,0.8104811608791351,1.2799916446208945
wine,dune_bayes,226,scale,0.4603857532143593,0.777573972940445,1.1650537490844726
wine,dune_bayes,227,scale,0.5165553867816925,0.863061934709549,1.3623478829860687
wine,dune_bayes,228,scale,0.5681362509727478,1.0083298683166504,1.6165180921554558
wine,dune_bayes,229,scale,0.7024918615818024,1.0126256942749023,1.36045640707016
wine,dune_bayes,230,scale,0.42000107765197753,0.6091465353965759,0.885414108633995
wine,dune_bayes,231,scale,0.5094440519809723,0.786022961139679,1.1023473262786863
wine,dune_bayes,232,scale,0.5038663178682328,0.7546628415584564,1.0780067682266234
wine,dune_bayes,233,scale,0.503747969865799,0.733098953962326,1.0527444839477538
wine,dune_bayes,234,scale,0.4649018406867981,0.6802847385406494,0.9702693134546276
wine,dune_bayes,235,scale,0.4049238070845604,0.5961664319038391,0.880565366148948
wine,dune_bayes,236,scale,0.4056748852133751,0.6018635630607605,0.8713962435722351
wine,dune_bayes,237,scale,0.6326178669929504,0.8930664956569672,1.2253413796424866
wine,dune_bayes,238,scale,0.6326178669929504,0.8930664956569672,1.2253413796424866
wine,dune_bayes,239,scale,0.3958261862397194,0.566393107175827,0.8227950334548949
wine,dune_bayes,240,scale,0.5075391113758088,0.7484722137451172,1.0237540781497954
wine,dune_bayes,241,scale,0.548654294013977,0.8012455105781555,1.1000235021114348
wine,dune_bayes,242,scale,0.7093500971794129,1.0296624302864075,1.374880814552307
wine,dune_bayes,243,scale,0.7093500971794129,1.0296624302864075,1.374880814552307
wine,dune_bayes,244,scale,0.5713250190019608,0.8830983936786652,1.265949273109436
wine,dune_bayes,245,scale,0.5652659058570861,0.8095759153366089,1.082975733280182
wine,dune_bayes,246,scale,0.356847982108593,0.5596308708190918,0.8340754568576813
wine,dune_bayes,247,scale,0.334654213488102,0.683637797832489,1.2254100918769828
wine,dune_bayes,248,scale,0.3966718688607216,0.6047454476356506,0.8355691313743591
wine,dune_bayes,249,scale,0.43083860576152805,0.6773321628570557,0.9930424600839615
wine,dune_bayes,250,scale,0.5877185076475143,0.8884001076221466,1.2562660753726957
wine,dune_bayes,251,scale,0.31985760629177096,0.5366920828819275,0.8619137465953819
wine,dune_bayes,252,scale,0.19134465828537942,0.5147199034690857,1.0488215386867519
wine,dune_bayes,253,scale,0.5815245985984803,0.8035200238227844,1.0600695490837093
wine,dune_bayes,254,scale,0.6180036872625351,0.8539408147335052,1.1610280275344846
wine,dune_bayes,255,scale,0.3082548350095749,0.5357267558574677,0.8751787722110748
wine,dune_bayes,256,scale,0.6344417929649353,0.894877701997757,1.2016521155834197
wine,dune_bayes,257,scale,0.5992633938789368,0.875786304473877,1.185847598314285
wine,dune_bayes,258,scale,0.513984078168869,0.7057216465473175,0.9496626943349837
wine,dune_bayes,259,scale,0.6981998592615127,1.0107973217964172,1.4083304166793822
wine,dune_bayes,260,scale,0.34711932092905046,0.5542429983615875,0.8815046966075896
wine,dune_bayes,261,scale,0.42430584132671356,0.6407507956027985,0.8880740612745285
wine,dune_bayes,262,scale,0.4790557876229286,0.7287085354328156,1.0186473906040192
wine,dune_bayes,263,scale,0.5055219382047653,0.706882655620575,0.9696944922208786
wine,dune_bayes,264,scale,0.525273734331131,0.7793943881988525,1.0971480309963226
wine,dune_bayes,265,scale,0.4799472361803055,0.8108120560646057,1.2727455377578734
wine,dune_bayes,266,scale,0.31342165619134904,0.5558779835700989,0.9549368619918823
wine,dune_bayes,267,scale,0.702523472905159,1.2136905193328857,1.7969929456710816
wine,dune_bayes,268,scale,0.5680342227220535,0.8218578994274139,1.1184737920761108
wine,dune_bayes,269,scale,0.43969836831092834,0.6190623641014099,0.8989055693149565
wine,dune_bayes,270,scale,0.5690354347229004,0.8635001480579376,1.260760599374771
wine,dune_bayes,271,scale,0.659458339214325,0.9699808955192566,1.4020443856716154
wine,dune_bayes,272,scale,0.4525379747152329,0.6454225480556488,0.9285014927387235
wine,dune_bayes,273,scale,0.4588672861456871,0.88395956158638,1.4513336837291715
wine,dune_bayes,274,scale,0.5041486561298371,0.7673077881336212,1.074181658029556
wine,dune_bayes,275,scale,0.56374491751194,0.8265670537948608,1.1260729610919953
wine,dune_bayes,276,scale,0.5225404590368271,0.7157632112503052,0.9724705725908278
wine,dune_bayes,277,scale,0.3113144114613533,0.5007193386554718,0.7516683876514435
wine,dune_bayes,278,scale,0.5391277730464935,0.8529576361179352,1.2471426784992217
wine,dune_bayes,279,scale,0.4742804437875748,0.6668046116828918,0.9055255740880965
wine,dune_bayes,280,scale,0.47995228916406635,0.7566437125205994,1.0883071303367615
wine,dune_bayes,281,scale,0.36613977402448655,0.5499527752399445,0.8195761054754256
wine,dune_bayes,282,scale,0.5548431783914566,0.8269674181938171,1.1407342255115507
wine,dune_bayes,283,scale,0.8697415918111802,1.2963044047355652,1.775013107061386
wine,dune_bayes,284,scale,0.43820260316133497,0.7003349959850311,1.101423579454422
wine,dune_bayes,285,scale,0.47123326659202575,0.7503204941749573,1.1183427929878234
wine,dune_bayes,286,scale,0.39533423334360124,0.6530463993549347,1.0229214310646055
wine,dune_bayes,287,scale,0.2794664815068245,0.46381473541259766,0.7477751314640045
wine,dune_bayes,288,scale,0.5317151784896851,0.7643093466758728,1.0393733143806456
wine,dune_bayes,289,scale,0.4855599284172058,0.7676341235637665,1.147129189968109
wine,dune_bayes,290,scale,0.501096922159195,0.7795893847942352,1.1603173255920405
wine,dune_bayes,291,scale,0.4116487815976143,0.5807348489761353,0.806552982330322
wine,dune_bayes,292,scale,0.7008073478937149,1.0593419075012207,1.4868542969226837
wine,dune_bayes,293,scale,0.5243994772434235,0.7462859153747559,1.0728881835937498
wine,dune_bayes,294,scale,0.5067414492368698,0.7283073961734772,1.0145017564296714
wine,dune_bayes,295,scale,0.43821132481098174,0.6588458120822906,0.991649669408798
wine,dune_bayes,296,scale,0.4161685317754745,0.609691321849823,0.8855944901704788
wine,dune_bayes,297,scale,0.6369419634342194,0.9768888652324677,1.3824100732803337
wine,dune_bayes,298,scale,0.38095198273658754,0.6460933983325958,0.9730341732501981
wine,dune_bayes,299,scale,0.47350178062915804,0.7105245888233185,0.9787138253450391
wine,dune_bayes,300,scale,0.4296998918056488,0.7283858060836792,1.0868541181087492
wine,dune_bayes,301,scale,0.5943133622407913,0.862336128950119,1.2227739632129668
wine,dune_bayes,302,scale,0.5918509483337402,0.8720600008964539,1.193943977355957
wine,dune_bayes,303,scale,0.5595741719007492,0.776410698890686,1.0464826643466947
wine,dune_bayes,304,scale,0.4884053349494934,0.8167547583580017,1.219719922542572
wine,dune_bayes,305,scale,0.3923303708434105,0.59025439620018,0.8617986977100371
wine,dune_bayes,306,scale,0.5119616985321045,0.7393877506256104,0.9993177294731138
wine,dune_bayes,307,scale,0.5277052879333496,0.7471253275871277,1.0558101952075956
wine,dune_bayes,308,scale,0.48931963592767713,0.6801922917366028,0.9534831315279007
wine,dune_bayes,309,scale,0.6238603711128234,0.9302257597446442,1.2823812305927271
wine,dune_bayes,310,scale,0.5607041507959366,0.8064592480659485,1.0976087152957914
wine,dune_bayes,311,scale,0.5479807972908021,0.7552258968353271,1.0335284292697904
wine,dune_bayes,312,scale,0.4379975438117981,0.672683984041214,0.9863088190555571
wine,dune_bayes,313,scale,0.5819130122661591,0.8956240713596344,1.261052393913269
wine,dune_bayes,314,scale,0.5136650681495667,0.7196137607097626,0.9863992512226103
wine,dune_bayes,315,scale,0.6813001722097397,0.9567388594150543,1.2681609153747557
wine,dune_bayes,316,scale,0.5207553774118423,0.7803788185119629,1.113568955659866
wine,dune_bayes,317,scale,0.6527794986963272,0.9919449388980865,1.4717286050319667
wine,dune_bayes,318,scale,0.5533061057329178,0.9137733578681946,1.319550436735153
wine,dune_bayes,319,scale,0.5820209890604019,0.8110254108905792,1.1210717976093292
